date,system,equity_usd,price
2026-09-08,breakout_ls,10006.35,78455.8
2026-09-09,breakout_ls,9942.36,78300.01
2026-09-10,breakout_ls,9945.86,76557.6
2026-09-11,breakout_ls,9930.37,77225.7
2026-09-12,breakout_ls,9928.96,77286.81
2026-09-13,breakout_ls,9938.82,76861.33
2026-09-14,breakout_ls,9961.26,78189.2
2026-09-15,breakout_ls,9873.22,75632.51
2026-09-16,breakout_ls,9864.41,76206.0
2026-09-17,breakout_ls,9852.59,76417.01
2026-09-18,breakout_ls,9999.7,80882.24
2026-09-19,breakout_ls,10012.13,81259.53
2026-09-20,breakout_ls,9980.4,81164.0
2026-09-21,breakout_ls,10067.02,86625.81
2026-09-22,breakout_ls,10055.66,86208.56
2026-09-23,breakout_ls,10045.05,84397.61
2026-09-24,breakout_ls,10044.66,84410.24
2026-09-25,breakout_ls,10003.88,84100.0
2026-09-26,breakout_ls,10012.05,84436.91
2026-09-27,breakout_ls,10012.9,84472.01
2026-09-28,breakout_ls,10030.69,83538.46
2026-09-29,breakout_ls,10024.61,83663.22
2026-09-30,breakout_ls,9948.57,83616.48
2026-10-01,breakout_ls,9984.21,84894.0
2026-10-02,breakout_ls,9973.72,84518.01
2026-10-03,breakout_ls,9980.29,84753.57
2026-10-04,breakout_ls,9995.22,85288.84
2026-09-08,breakout_spot,10000.0,78455.8
2026-09-09,breakout_spot,9936.46,78300.01
2026-09-10,breakout_spot,9894.1,76557.6
2026-09-11,breakout_spot,9894.1,77222.01
2026-09-12,breakout_spot,9894.1,77286.81
2026-09-13,breakout_spot,9894.1,76861.33
2026-09-14,breakout_spot,9970.61,78184.57
2026-09-15,breakout_spot,9772.36,75632.51
2026-09-16,breakout_spot,9772.36,76206.01
2026-09-17,breakout_spot,9762.97,76417.01
2026-09-18,breakout_spot,10054.66,80882.23
2026-09-19,breakout_spot,10079.31,81259.53
2026-09-20,breakout_spot,10045.0,81164.0
2026-09-21,breakout_spot,10302.32,86625.81
2026-09-22,breakout_spot,10279.35,86208.56
2026-09-23,breakout_spot,10212.67,84397.61
2026-09-24,breakout_spot,10212.67,84410.24
2026-09-25,breakout_spot,10171.05,84100.0
2026-09-26,breakout_spot,10187.69,84436.91
2026-09-27,breakout_spot,10188.78,84458.8
2026-09-28,breakout_spot,10166.79,83510.01
2026-09-29,breakout_spot,10166.79,83663.21
2026-09-30,breakout_spot,10112.91,83616.48
2026-10-01,breakout_spot,10185.55,84894.0
2026-10-02,breakout_spot,10164.17,84518.01
2026-10-03,breakout_spot,10177.57,84753.57
2026-10-04,breakout_spot,10208.0,85288.84
2026-09-08,fvg20,9992.35,78455.8
2026-09-09,fvg20,9982.44,78300.01
2026-09-10,fvg20,9860.75,76557.6
2026-09-11,fvg20,9911.9,77225.7
2026-09-12,fvg20,9916.58,77286.81
2026-09-13,fvg20,9884.0,76861.33
2026-09-14,fvg20,9985.66,78189.2
2026-09-15,fvg20,9789.93,75632.51
2026-09-16,fvg20,9833.84,76206.01
2026-09-17,fvg20,9849.99,76417.01
2026-09-18,fvg20,10191.82,80882.23
2026-09-19,fvg20,10220.43,81256.03
2026-09-20,fvg20,10214.46,81178.01
2026-09-21,fvg20,10631.51,86625.8
2026-09-22,fvg20,10598.09,86189.25
2026-09-23,fvg20,10460.93,84397.61
2026-09-24,fvg20,10461.9,84410.24
2026-09-25,fvg20,10438.15,84099.99
2026-09-26,fvg20,10463.94,84436.91
2026-09-27,fvg20,10466.63,84472.01
2026-09-28,fvg20,10395.16,83538.45
2026-09-29,fvg20,10404.71,83663.22
2026-09-30,fvg20,10401.13,83616.48
2026-10-01,fvg20,10498.93,84894.0
2026-10-02,fvg20,10501.4,84518.01
2026-10-03,fvg20,10515.83,84753.56
2026-10-04,fvg20,10546.86,85260.26
2026-09-08,fvg10,9992.35,78455.8
2026-09-09,fvg10,9982.44,78300.01
2026-09-10,fvg10,9866.16,76557.6
2026-09-11,fvg10,9912.99,77225.7
2026-09-12,fvg10,9917.27,77286.81
2026-09-13,fvg10,9887.45,76861.33
2026-09-14,fvg10,9980.52,78189.2
2026-09-15,fvg10,9801.31,75632.51
2026-09-16,fvg10,9841.51,76206.01
2026-09-17,fvg10,9856.3,76417.01
2026-09-18,fvg10,10169.28,80882.23
2026-09-19,fvg10,10195.48,81256.03
2026-09-20,fvg10,10190.02,81178.01
2026-09-21,fvg10,10571.87,86625.8
2026-09-22,fvg10,10542.62,86208.56
2026-09-23,fvg10,10415.69,84397.61
2026-09-24,fvg10,10416.57,84410.24
2026-09-25,fvg10,10394.83,84100.0
2026-09-26,fvg10,10418.44,84436.91
2026-09-27,fvg10,10420.9,84472.01
2026-09-28,fvg10,10353.47,83510.01
2026-09-29,fvg10,10364.21,83663.21
2026-09-30,fvg10,10360.94,83616.48
2026-10-01,fvg10,10450.48,84894.0
2026-10-02,fvg10,10438.44,84518.01
2026-10-03,fvg10,10453.3,84753.57
2026-10-04,fvg10,10487.06,85288.84
2026-09-14,bos20,10042.33,78186.44
2026-09-15,bos20,9910.97,75632.51
2026-09-16,bos20,9940.47,76206.01
2026-09-17,bos20,9951.32,76417.01
2026-09-18,bos20,10180.99,80882.24
2026-09-19,bos20,10200.4,81259.53
2026-09-20,bos20,10195.48,81164.0
2026-09-21,bos20,10476.41,86625.8
2026-09-22,bos20,10454.95,86208.57
2026-09-23,bos20,10361.8,84397.61
2026-09-24,bos20,10362.45,84410.24
2026-09-25,bos20,10356.31,84100.0
2026-09-26,bos20,10370.18,84436.91
2026-09-27,bos20,10371.62,84472.01
2026-09-28,bos20,10332.04,83510.01
2026-09-29,bos20,10338.34,83663.21
2026-09-30,bos20,10336.42,83616.48
2026-10-01,bos20,10388.99,84894.0
2026-10-02,bos20,10373.51,84518.01
2026-10-03,bos20,10383.21,84753.56
2026-10-04,bos20,10404.06,85260.26
2026-09-14,bos10,10034.62,78186.44
2026-09-15,bos10,9886.84,75632.51
2026-09-16,bos10,9920.02,76206.01
2026-09-17,bos10,9932.23,76417.01
2026-09-18,bos10,10190.61,80882.24
2026-09-19,bos10,10212.44,81259.53
2026-09-20,bos10,10206.91,81164.0
2026-09-21,bos10,10522.96,86625.8
2026-09-22,bos10,10498.81,86208.56
2026-09-23,bos10,10394.02,84397.61
2026-09-24,bos10,10394.75,84410.24
2026-09-25,bos10,10382.32,84100.0
2026-09-26,bos10,10399.87,84436.91
2026-09-27,bos10,10401.02,84458.95
2026-09-28,bos10,10351.08,83500.01
2026-09-29,bos10,10359.58,83663.21
2026-09-30,bos10,10357.14,83616.48
2026-10-01,bos10,10423.67,84894.0
2026-10-02,bos10,10404.09,84518.01
2026-10-03,bos10,10416.36,84753.57
2026-10-04,bos10,10444.24,85288.84
2026-09-18,eth_short,9952.25,2612.56
2026-09-19,eth_short,9944.56,2632.69
2026-09-20,eth_short,9939.99,2645.55
2026-09-21,eth_short,9884.43,2776.86
2026-09-22,eth_short,9895.62,2753.1
2026-09-23,eth_short,9925.9,2685.02
2026-09-24,eth_short,9925.57,2688.05
2026-09-25,eth_short,9925.0,2691.61
2026-09-26,eth_short,9923.94,2696.33
2026-09-27,eth_short,9928.69,2687.54
2026-09-28,eth_short,9929.16,2688.71
2026-09-29,eth_short,9934.83,2677.79
2026-09-30,eth_short,9932.04,2686.52
2026-10-01,eth_short,9924.19,2706.99
2026-10-02,eth_short,9941.7,2668.59
2026-10-03,eth_short,9934.63,2687.24
2026-10-04,eth_short,9927.68,2704.29
2026-09-27,ema,9991.61,84472.01
2026-09-28,ema,9936.44,83538.45
2026-09-29,ema,9943.82,83663.22
2026-09-30,ema,9941.05,83616.48
2026-10-01,ema,10016.55,84894.0
2026-10-02,ema,9994.33,84518.01
2026-10-03,ema,10008.25,84753.57
2026-10-04,ema,10039.88,85288.84
